project,target,configuration,hash,code,status,start,end
public-library,lint,,17728335511906188456,0,success,1739757976236,1739757977567
public-library,build,production,16437451340379491553,0,success,1739757976217,1739757978466
angular-task,lint,,8509765235937869912,0,success,1739757977567,1739757978748
public-library,test,,3004460680437203316,0,success,1739757976217,1739757978928
angular-task,test,,16829202420939105531,0,success,1739757978467,1739757981941
angular-task,build,production,13883642659098539089,0,success,1739757978748,1739757982734
public-library,test,,3004460680437203316,0,local-cache-kept-existing,1739757995896,1739757995931
public-library,lint,,17728335511906188456,0,local-cache-kept-existing,1739757995915,1739757995936
angular-task,test,,16829202420939105531,0,local-cache-kept-existing,1739757995937,1739757995940
angular-task-e2e,lint,,16335374552150346684,0,success,1739757995942,1739757996881
angular-task,lint,,8509765235937869912,0,success,1739757995934,1739757997063
public-library,build,production,16437451340379491553,0,success,1739757995896,1739757997687
angular-task,build,production,13883642659098539089,0,local-cache-kept-existing,1739757997687,1739757997688
